{
  "name": "Locust Protocol UI",
  "frames": [
    {
      "id": "dashboard",
      "title": "Dashboard",
      "elements": [
        {
          "type": "header",
          "text": "Locust Protocol",
          "x": 0,
          "y": 0
        },
        {
          "type": "button",
          "text": "Create Token",
          "x": 600,
          "y": 10
        }
      ]
    },
    {
      "id": "create_token",
      "title": "Create Token",
      "elements": [
        {
          "type": "input",
          "label": "Name"
        },
        {
          "type": "input",
          "label": "Symbol"
        },
        {
          "type": "input",
          "label": "Supply"
        }
      ]
    }
  ],
  "colors": {
    "primary": "#0EA5E9",
    "bg": "#F8FAFC",
    "card": "#FFFFFF"
  },
  "fonts": {
    "primary": "Inter"
  }
}